<?xml version="1.0" encoding="ISO-8859-1"?><!DOCTYPE FBteam >
<?xml-stylesheet href="fbstyle.xsl" type="text/xsl"?>
<!--Generated by FantasyBowl 1.0 - Thu May 8 2003-->
<FBteam version="1.0" >
 <name>Bugman Warriors</name>
 <race>Nains</race>
 <rating>100</rating>
 <treasury>0</treasury>
 <coach>Belegar</coach>
 <logo>nain.png</logo>
 <reroll cost="40000" >0</reroll>
 <fanfactor>1</fanfactor>
 <assistants>1</assistants>
 <cheerleaders>1</cheerleaders>
 <apothecary>0</apothecary>
 <wizard>0</wizard>
 <player id="1" >
  <name>Gimli</name>
  <position>21</position>
  <ma>4</ma>
  <st>3</st>
  <ag>2</ag>
  <av>9</av>
  <skills>
   <skill id="102" />
   <skill id="113" />
   <skill id="603" />
  </skills>
  <cost>70000</cost>
  <image>dwarf_02.png</image>
 </player>
 <player id="2" >
  <name>Thorgrim</name>
  <position>38</position>
  <ma>5</ma>
  <st>3</st>
  <ag>2</ag>
  <av>8</av>
  <skills>
   <skill id="102" />
   <skill id="603" />
   <skill id="107" />
   <skill id="108" />
  </skills>
  <cost>90000</cost>
  <image>dwarf_03.png</image>
 </player>
 <player id="3" >
  <name>Bugman</name>
  <position>21</position>
  <ma>4</ma>
  <st>3</st>
  <ag>2</ag>
  <av>9</av>
  <skills>
   <skill id="102" />
   <skill id="113" />
   <skill id="603" />
  </skills>
  <cost>70000</cost>
  <image>dwarf_02.png</image>
 </player>
 <player id="4" >
  <name>Groooaa</name>
  <position>25</position>
  <ma>5</ma>
  <st>5</st>
  <ag>2</ag>
  <av>9</av>
  <skills>
   <skill id="202" />
   <skill id="703" />
   <skill id="603" />
   <skill id="206" />
   <skill id="706" />
  </skills>
  <cost>120000</cost>
  <image>ogre.png</image>
 </player>
 <player id="5" >
  <name>Flint</name>
  <position>21</position>
  <ma>4</ma>
  <st>3</st>
  <ag>2</ag>
  <av>9</av>
  <skills>
   <skill id="102" />
   <skill id="113" />
   <skill id="603" />
  </skills>
  <cost>70000</cost>
  <image>dwarf_02.png</image>
 </player>
 <player id="6" >
  <name>Fili</name>
  <position>21</position>
  <ma>4</ma>
  <st>3</st>
  <ag>2</ag>
  <av>9</av>
  <skills>
   <skill id="102" />
   <skill id="113" />
   <skill id="603" />
  </skills>
  <cost>70000</cost>
  <image>dwarf_02.png</image>
 </player>
 <player id="7" >
  <name>Kili</name>
  <position>21</position>
  <ma>4</ma>
  <st>3</st>
  <ag>2</ag>
  <av>9</av>
  <skills>
   <skill id="102" />
   <skill id="113" />
   <skill id="603" />
  </skills>
  <cost>70000</cost>
  <image>dwarf_02.png</image>
 </player>
 <player id="8" >
  <name>Thorin</name>
  <position>38</position>
  <ma>5</ma>
  <st>3</st>
  <ag>2</ag>
  <av>8</av>
  <skills>
   <skill id="102" />
   <skill id="603" />
   <skill id="107" />
   <skill id="108" />
  </skills>
  <cost>90000</cost>
  <image>dwarf_03.png</image>
 </player>
 <player id="9" >
  <name>Bofur</name>
  <position>32</position>
  <ma>6</ma>
  <st>3</st>
  <ag>3</ag>
  <av>8</av>
  <skills>
   <skill id="105" />
   <skill id="603" />
  </skills>
  <cost>80000</cost>
  <image>dwarf_01.png</image>
 </player>
 <player id="10" >
  <name>Bifur</name>
  <position>32</position>
  <ma>6</ma>
  <st>3</st>
  <ag>3</ag>
  <av>8</av>
  <skills>
   <skill id="105" />
   <skill id="603" />
  </skills>
  <cost>80000</cost>
  <image>dwarf_01.png</image>
 </player>
 <player id="11" >
  <name>Gloin</name>
  <position>3</position>
  <ma>5</ma>
  <st>3</st>
  <ag>3</ag>
  <av>9</av>
  <skills>
   <skill id="102" />
   <skill id="603" />
  </skills>
  <cost>80000</cost>
  <image>dwarf_04.png</image>
 </player>
 <player id="12" >
  <name>Oin</name>
  <position>3</position>
  <ma>5</ma>
  <st>3</st>
  <ag>3</ag>
  <av>9</av>
  <skills>
   <skill id="102" />
   <skill id="603" />
  </skills>
  <cost>80000</cost>
  <image>dwarf_04.png</image>
 </player>
</FBteam>
